Date,Axis Bank,Coal India,Dr. Reddy,HDFC Bank,ICICI Bank,Infosys,Nestle India,Reliance,TCS,Wipro
20-04-2022,793.492188,180.058655,4235.746582,1338.734497,751.04303,1554.077881,18107.43164,2710.290039,3444.823486,535.181824
21-04-2022,800.58136,187.112656,4262.285156,1358.554077,757.802429,1584.519409,18095.25391,2773.749023,3514.411377,537.875183
22-04-2022,779.413574,182.81694,4136.448242,1340.019531,743.190186,1551.875488,18080.14453,2750.519043,3498.818604,536.378845
25-04-2022,779.513489,170.42717,4060.186523,1350.052856,747.713013,1528.041138,18067.16992,2686.9104,3436.494385,528.049377
26-04-2022,773.822083,173.095047,4098.760742,1356.280518,749.253723,1547.519775,18306.79492,2767.318359,3434.654541,527.949646
27-04-2022,764.735962,169.568039,4022.301758,1356.77478,732.305481,1519.917114,18115.18555,2770.010254,3449.085205,517.674927
28-04-2022,778.614807,172.055038,4066.796143,1355.588501,742.693115,1549.085938,18318.67383,2811.385742,3471.457764,521.266052
29-04-2022,727.492615,165.362762,4076.464844,1368.686279,738.866089,1534.354736,18221.85156,2781.874512,3435.041504,507.549866
02-05-2022,726.244507,169.703674,4068.522705,1387.56665,736.579834,1508.366943,18331.44922,2772.104004,3430.876953,493.783783
04-05-2022,706.125183,169.432373,3938.739502,1340.414917,719.929749,1503.032349,17980.73438,2685.564453,3370.199219,490.541748
05-05-2022,701.282532,168.075836,3910.572754,1337.400024,724.452576,1551.582031,17499.59961,2632.972656,3402.789795,499.918671
06-05-2022,672.376526,169.4776,3877.867676,1302.456299,714.959534,1510.177612,16894.89648,2612.783447,3324.533936,483.908112
09-05-2022,662.691284,165.543625,3853.351563,1304.68042,706.11261,1537.095337,16406.70313,2510.740967,3336.640381,481.962891
10-05-2022,658.747253,153.786896,3861.441406,1325.636841,707.056946,1520.112793,16422.85742,2467.22168,3330.48999,476.47641
11-05-2022,671.328125,153.606018,3831.893555,1333.099976,709.939697,1494.418579,16414.70703,2441.947998,3304.582275,470.74054
12-05-2022,648.662659,151.073807,3827.897949,1303.050049,691.649414,1476.848755,16124.03613,2392.197754,3301.337646,472.635864
13-05-2022,634.983459,152.56601,3871.603271,1291.349976,673.309448,1472.541992,16305.90234,2419.316162,3307.390869,467.498505
16-05-2022,637.978882,155.279099,3836.185059,1305.099976,678.925781,1457.565918,16122.89258,2419.914307,3270.490234,466.850128
17-05-2022,653.95459,166.900162,3851.575684,1314,705.764709,1486.294434,16226.82422,2521.558105,3342.935791,485.454285
18-05-2022,658.447754,167.80452,3853.351563,1313.900024,703.130493,1477.240234,16246.9043,2530.730713,3340.223633,480.067566
19-05-2022,649.211792,163.870544,3876.683838,1287.050049,686.182251,1396.927856,15999.0293,2472.40625,3159.256104,450.041504
20-05-2022,672.076965,168.16626,4192.041992,1320.949951,705.317383,1424.334961,16762.23828,2616.572266,3189.328857,458.470764
23-05-2022,674.323547,166.674072,4217.544922,1304,706.808472,1437.304321,16893.75586,2599.074707,3217.173584,464.855042
24-05-2022,663.04071,164.910568,4288.725586,1318.949951,703.925781,1410.484619,17085.41406,2607.998047,3184.486084,458.819916
25-05-2022,663.989319,163.41835,4249.60791,1328.800049,709.094727,1380.581421,17181.49219,2604.159668,3088.59082,443.756989
26-05-2022,682.211548,165.724487,4246.352051,1366.699951,724.154358,1393.795532,17548.06055,2579.334473,3146.410645,452.236115
27-05-2022,687.253845,164.458389,4331.54248,1392.050049,735.386963,1430.403564,17536.67969,2567.370361,3179.90332,465.802704
30-05-2022,692.595764,169.296722,4311.61377,1401.550049,744.035095,1494.467651,17602.13867,2656.801025,3291.009521,475.079834
31-05-2022,684.15863,174.451584,4310.972656,1388.949951,748.35907,1487.345459,17586.83008,2624.747559,3280.381592,476.875397
01-06-2022,685.007263,177.300339,4261.002441,1394.849976,748.160339,1462.566284,17139.54297,2625.594971,3271.459717,469.593353
02-06-2022,690.498901,179.244705,4274.962402,1385.099976,745.277588,1491.697876,17290.89258,2716.122559,3337.567627,472.984985
03-06-2022,676.270569,178.159485,4281.721191,1380.300049,739.860107,1505.249756,17069.41016,2771.156738,3354.289307,474.331696
06-06-2022,671.178345,176.215103,4247.930664,1378.449951,742.295532,1513.509521,16896.33984,2759.242676,3345.319092,472.037354
07-06-2022,664.837952,178.656891,4088.303711,1362.599976,730.864136,1490.411865,16647.81836,2764.427002,3278.772705,466.500977
08-06-2022,657.598999,178.747314,4142.761719,1367.400024,725.148376,1483.784302,16624.80469,2715.873291,3319.188232,469.244202
09-06-2022,660.294922,179.742111,4264.850098,1377.699951,728.379028,1498.622192,16668.94336,2790.349121,3341.56543,473.882782
10-06-2022,659.695862,179.516022,4293.115723,1351.099976,715.705078,1460.835205,16675.65234,2706.102783,3276.042236,459.817444
13-06-2022,647.963684,172.778534,4209.898926,1326.599976,683.895935,1409.100586,16754.73047,2654.906738,3139.244385,445.003937
14-06-2022,649.760925,173.818527,4253.159668,1312,681.410889,1424.977051,16771.63086,2620.211426,3130.419922,444.804413
15-06-2022,649.511353,171.874161,4277.28125,1307.449951,683.150452,1406.825317,16702.89063,2588.506836,3126.276123,439.018677
16-06-2022,633.935059,162.69487,4229.925781,1281.300049,674.452637,1382.095581,16774.16602,2552.315674,3063.580811,421.26239
17-06-2022,634.234619,165.18187,4091.016602,1289.75,682.752808,1372.302734,16543.9375,2582.225586,3011.805908,404.204437
20-06-2022,627.345032,159.936569,4096.047852,1322.150024,681.858215,1398.862427,16866.71484,2535.416504,3034.719482,413.631195
21-06-2022,635.532593,167.126251,4211.329102,1336.550049,691.947632,1434.225952,16871.38867,2576.343506,3131.785156,424.105377
22-06-2022,625.847351,162.197479,4203.683105,1330.25,682.504272,1421.712646,16675.90234,2498.079102,3142.510498,410.239563
23-06-2022,628.393433,160.20787,4237.226074,1335.150024,694.979492,1436.748291,16875.86133,2457.551025,3226.217773,418.020386
24-06-2022,633.036438,159.665268,4251.77832,1353.800049,709.194153,1425.521118,17129.70117,2492.545654,3210.909912,417.72113
27-06-2022,636.131653,164.639267,4262.531738,1356.25,713.070862,1458.658936,17255.55078,2485.167725,3231.970459,423.856018
28-06-2022,641.373718,168.573227,4315.856445,1345.900024,706.062927,1464.148926,17300.93164,2520.112549,3235.334473,426.200226
29-06-2022,624.599243,170.698471,4305.743652,1343.949951,698.557983,1447.431641,17395.51953,2572.405029,3208.374512,419.716217
30-06-2022,635.832153,167.849747,4334.797852,1348,702.981445,1446.096191,17366.64063,2587.858643,3185.558594,415.02774
01-07-2022,642.971313,165.724487,4327.004395,1353.75,699.701111,1463.407104,17689.76758,2401.469727,3232.36084,420.963135
04-07-2022,653.355469,164.639267,4295.977051,1355.650024,715.804443,1471.914063,17888.08789,2406.454834,3154.308594,419.267303
05-07-2022,647.514343,165.000992,4335.193359,1352.599976,715.158386,1459.994263,17878.59375,2425.946045,3136.026611,412.583771
06-07-2022,656.950012,164.322723,4331.049316,1371.25,721.619568,1475.524658,18279.85547,2404.610352,3179.367188,415.02774
07-07-2022,658.150024,168.211487,4278.21875,1395.800049,737.573853,1482.498413,18097.24023,2380.931641,3205.790771,419.766083
08-07-2022,669.150024,171.648071,4347.032227,1397.099976,751.192139,1498.078125,18310.17578,2384.22168,3183.949707,418.070282
11-07-2022,679.849976,174.858566,4471,1406.150024,764.90979,1457.224609,18380.00977,2416.624023,3036.084961,410.189697
12-07-2022,676.200012,175.355957,4483.700195,1391.800049,755.367065,1423.048096,18017.91406,2413.18457,3007.710938,408.144714
13-07-2022,679.900024,174.94899,4501.600098,1357.849976,748.707031,1428.834839,18141.67773,2370.41333,2962.907959,405.700745
14-07-2022,668.25,173.637665,4575.399902,1351.050049,747.911804,1413.403442,18254.65625,2389.954346,2931.624023,400.463654
15-07-2022,662.200012,174.903763,4546,1362.050049,746.718994,1414.887329,18660.43945,2394.590576,2927.567139,392.882294
18-07-2022,684.5,176.893387,4466.100098,1347.550049,767.394897,1473.793579,18515.20508,2414.979248,2994.924805,403.755524
19-07-2022,700.599976,179.289932,4447.899902,1348.050049,775.993286,1468.105713,18268.96875,2429.784668,3005.434082,404.65329
20-07-2022,705.700012,178.928177,4458.75,1365.050049,778.42865,1498.918945,18506.95313,2495.486816,3093.957275,411.087463
21-07-2022,715.549988,179.606461,4371.100098,1360.75,781.311401,1516.328735,18728.48438,2478.836914,3106.17749,412.982788
22-07-2022,730.75,178.249924,4373.5,1392.5,795.277527,1490.016235,18876.60352,2495.58667,3100.018311,409.840546
25-07-2022,727.349976,181.686493,4330.549805,1396.599976,796.122498,1487.345459,18646.57422,2413.134521,3095.863525,413.780823
26-07-2022,706.450012,182.952606,4212,1393.75,791.549927,1435.462402,18399.99023,2414.231445,3046.151855,404.204437
27-07-2022,718.950012,183.992615,4286.049805,1404.400024,795.724854,1455.147339,18432.19922,2411.938232,3117.468994,405.650848
28-07-2022,725.900024,183.450012,4260.049805,1416.849976,809.740723,1500.996216,18999.32422,2449.724609,3187.515137,414.977875
29-07-2022,724.75,191.046646,4090.350098,1434.199951,813.716858,1532.947021,19244.5625,2501.91748,3227.988281,422.658966
01-08-2022,730.799988,192.403198,4110.450195,1446.150024,818.488281,1534.282471,19141.27734,2567.121094,3224.957764,427.945923
02-08-2022,730.450012,194.664108,4085.399902,1430.25,812.872009,1526.912964,19343.67383,2576.891602,3218.114502,428.544464
03-08-2022,730.5,191.815369,4096.299805,1433.599976,819.879883,1549.1698,19251.32422,2598.526611,3264.746826,431.28772
04-08-2022,721.599976,187.33876,4147.950195,1431.900024,815.357056,1582.60437,19732.55859,2564.179932,3279.850586,434.429962
05-08-2022,728.5,188.514435,4156.850098,1427.050049,833.200012,1599.17334,19803.63672,2526.393799,3289.724854,438.918915
08-08-2022,745.549988,194.799759,4223.350098,1462.050049,836.950012,1601.893555,19536.67383,2559.444092,3298.914307,434.779114
10-08-2022,739,198.824173,4243.299805,1466.300049,848.75,1585.126831,19652.53516,2574.748047,3279.166504,429.093109
11-08-2022,758.849976,200.428711,4258.299805,1485.699951,859.700012,1602.437622,19563.16602,2583.32251,3345.888672,437.372742
12-08-2022,760.549988,203.225159,4260.799805,1485.150024,874.400024,1576.867065,19427.62305,2625.096436,3325.407715,435.028503
16-08-2022,764.650024,204.371246,4297.799805,1502.150024,879.25,1579.19165,19566.49609,2643.341553,3316.755615,436.026031
17-08-2022,772.099976,203.041779,4315.899902,1509.900024,883.25,1588.885742,19618.53906,2657.149902,3324.967773,441.961395
18-08-2022,765.049988,203.316849,4225.100098,1511.699951,885.099976,1565.837524,19441.93945,2661.300049,3305.562012,433.981049
19-08-2022,757.5,199.099228,4204,1493.050049,870.400024,1579.834595,19325.88086,2613.850098,3309.961426,431.387482
22-08-2022,741.849976,200.153641,4186.950195,1470.349976,852.25,1558.616577,19337.11133,2606.600098,3279.459961,418.968048
23-08-2022,747.049988,204.325424,4225.149902,1465.800049,863.900024,1525.725952,19509.53711,2646.800049,3211.075684,415.626282
24-08-2022,750.150024,205.058899,4218.049805,1472.849976,873.299988,1520.878906,19554.66797,2639.75,3182.480225,415.127502
25-08-2022,743.349976,206.204987,4237.899902,1464.849976,872.349976,1501.738159,19411.12305,2632.050049,3146.161865,414.179871
26-08-2022,744.900024,210.83522,4223.299805,1465.099976,870.849976,1505.10144,19412.5625,2618,3150.072266,416.224792
29-08-2022,728.700012,211.431183,4210.149902,1439.400024,855.849976,1445.947876,19530.11328,2597.649902,3062.429199,403.356506
30-08-2022,751.5,215.282059,4245.049805,1486.099976,887.299988,1476.810547,19807.96094,2637.949951,3139.269775,412.533875
01-09-2022,744.150024,211.156128,4202.100098,1472.150024,874.349976,1448.371338,19616.20117,2560.399902,3061.598145,409.441528
02-09-2022,750.200012,210.239258,4189.950195,1485.5,872.400024,1437.29248,19446.06445,2530.5,3060.327393,406.698273
05-09-2022,756.099976,212.348053,4214.25,1495.050049,882.450012,1445.502808,19145.75,2569.800049,3063.26001,404.503662
06-09-2022,750,213.356613,4239.200195,1489.349976,883.650024,1439.369751,18929.24023,2596.850098,3057.052246,403.456268
07-09-2022,755.400024,218.995392,4249.299805,1482.300049,876.200012,1441.892212,19065.82813,2581.75,3079.097656,406.448883
08-09-2022,779.75,216.794891,4271.649902,1497.599976,898.799988,1459.944946,19010.60547,2585.399902,3098.69873,411.785736
09-09-2022,784.849976,217.849304,4255.100098,1498.599976,901.25,1495.308472,18938.53516,2569.300049,3145.624023,416.125061
12-09-2022,801,212.256378,4261.149902,1493.550049,907.200012,1519.593018,18855.97461,2598.050049,3170.35791,420.963135
13-09-2022,805.549988,212.072998,4252.899902,1513.099976,910,1528.248413,18950.86133,2619.75,3157.062256,421.611542
14-09-2022,803.049988,212.668976,4214.149902,1528.650024,918.099976,1459.450317,18995.69531,2588.350098,3050.551025,415.27713
15-09-2022,790,214.777771,4169,1520.699951,917.599976,1417.310913,18896.53516,2562.699951,3034.860596,414.030212
16-09-2022,789.299988,211.843781,4077.350098,1492.75,909.099976,1362.163574,18295.3125,2499.199951,2941.351318,400.663116
19-09-2022,798.099976,210.789368,4099.149902,1502.599976,899.200012,1375.270264,18654.22656,2502.449951,2961.001709,400.962402
20-09-2022,812.75,210.743546,4216,1520.699951,916.75,1373.539185,18506.50586,2502.850098,2972.244141,403.905151
21-09-2022,806.549988,212.302216,4152.75,1518.349976,915.25,1362.361328,18539.56055,2509.75,2934.019531,399.76535
22-09-2022,789.200012,208.176285,4182.399902,1486,903.400024,1353.161865,18528.0293,2486.100098,2940.080566,396.972229
23-09-2022,768.599976,204.325424,4139.200195,1446.150024,882.25,1350.688843,18386.4707,2439.5,2915.298096,393.381073
26-09-2022,742.599976,197.58638,4127.850098,1426.650024,861.049988,1365.328857,18344.12305,2377.350098,2927.371338,393.829956
27-09-2022,737.5,196.119385,4181.600098,1413.849976,852.549988,1378.485107,18562.17578,2396.25,2949.905518,397.421112
28-09-2022,716.450012,193.277084,4269.700195,1389.550049,849.5,1379.622681,18729.47852,2332.449951,2967.697998,397.07196
29-09-2022,719,196.119385,4360.700195,1382.349976,843.900024,1383.530029,18866.86133,2325.300049,2930.206787,391.834869
30-09-2022,733.200012,194.606552,4335.700195,1421.349976,862,1398.169922,19031.53125,2377.75,2937.294434,393.281311
03-10-2022,722.75,197.082108,4419.649902,1413.199951,848.349976,1378.682983,18880.23242,2369.5,2918.133057,393.530701
04-10-2022,742.799988,204.692169,4413.950195,1453,867.650024,1413.947632,19137.94727,2413.199951,3021.955811,404.503662
06-10-2022,755.099976,214.090118,4397.549805,1437,885.450012,1439.419189,19185.96289,2422.100098,3032.513916,409.142242
07-10-2022,755.700012,210.605988,4376.649902,1430.800049,882.549988,1435.511841,19206.68945,2432.350098,2996.293457,407.09729
10-10-2022,776.849976,210.743546,4380,1415,881.75,1446.838135,19005.93359,2405.800049,3048.742676,410.289429
11-10-2022,785.549988,206.709274,4282.75,1400.650024,870.599976,1408.408203,18340.79102,2357.899902,3000.839355,403.406372
12-10-2022,808.700012,212.806503,4241.149902,1409.800049,868.349976,1413.255127,18614.61328,2375.25,3031.341064,406.947662
13-10-2022,802,215.052841,4254.649902,1393.599976,853.599976,1404.550293,18652.63672,2382.800049,3033.833984,378.168549
14-10-2022,800.5,216.703217,4310.799805,1439,870.25,1458.312744,18816.01367,2370.699951,3029.776611,376.372955
17-10-2022,814.150024,218.216064,4335.200195,1446.550049,885.200012,1473.842896,18808.21094,2408.75,3049.967773,374.178375
18-10-2022,816.349976,221.60849,4356.549805,1443.849976,896.900024,1487.444336,19273.14258,2451.25,3082.263672,378.368042
19-10-2022,829.849976,218.399429,4316.899902,1458.650024,892.099976,1469.391602,19622.31445,2493.899902,3059.867432,377.121124
20-10-2022,825.849976,220.966675,4349.049805,1448.800049,888.650024,1484.674683,19942.41016,2500.600098,3094.613525,380.562653
21-10-2022,900.400024,218.857864,4330.799805,1438.599976,907.150024,1484.278931,20174.875,2471.600098,3075.108398,381.610046
24-10-2022,909.450012,220.50824,4377.5,1461.050049,926.299988,1501.441406,20751.54492,2479.850098,3098.926025,383.754791
25-10-2022,902.849976,220.003952,4442.350098,1450.900024,925.049988,1509.800049,20162.40039,2441.550049,3099.318115,383.704895
27-10-2022,915.150024,220.874985,4491.200195,1454.400024,924.400024,1523.949951,20014.13281,2451.149902,3094.711426,381.709808
28-10-2022,903.049988,224.084045,4459.950195,1458.699951,907.849976,1513.25,20162.44922,2526.149902,3100.445313,382.30835
31-10-2022,906,225.505203,4433.700195,1496.699951,908.700012,1537.650024,20363.40039,2549.600098,3129.751465,385.60022
01-11-2022,871.75,225.230133,4535.299805,1513.25,908.599976,1573,20589.94922,2529.850098,3194.980225,391.435852
02-11-2022,863.549988,225.367676,4555.649902,1514.199951,904.700012,1553.300049,20387.34961,2545.649902,3177.337646,392.982056
03-11-2022,864.049988,225.734421,4589.899902,1507.550049,908.650024,1530.75,20423.44922,2555.149902,3143.081543,387.545441
04-11-2022,868.099976,225.596893,4525.100098,1497.150024,905.299988,1514,20425.30078,2592.75,3153.52002,389.590393
07-11-2022,872.950012,228.805954,4485.450195,1508.800049,917.5,1507.449951,20480.25,2606.600098,3169.496582,390.538086
09-11-2022,873.700012,234.536407,4534.899902,1508.349976,910.5,1511.199951,20319.90039,2604,3152.197021,389.989441
10-11-2022,843.700012,232.519302,4549.450195,1524.75,910.700012,1501.949951,20175.30078,2572.5,3142.003418,387.944458
11-11-2022,850.700012,232.198395,4539.450195,1611.150024,906.549988,1570.099976,20322.5,2631.800049,3250.113525,398.717926
14-11-2022,851,226.651291,4363.649902,1615.050049,894.950012,1585.300049,20065.19922,2619.050049,3269.275391,395.575653
15-11-2022,858.650024,226.602493,4433.700195,1619,911.700012,1594,20055.55078,2607.300049,3266.433105,396.174194
16-11-2022,855.400024,229.286774,4481,1632.900024,913.599976,1602.800049,20097.90039,2592.350098,3288.731445,397.271484
17-11-2022,858.200012,226.846512,4421.299805,1618.150024,919.799988,1587.400024,19991,2599.050049,3282.507324,395.775177
18-11-2022,859.200012,224.064621,4409.049805,1613.900024,920.349976,1593.400024,19925.09961,2597.649902,3277.067383,392.882294
21-11-2022,870.049988,223.96701,4349.850098,1597.349976,921.400024,1568.199951,19761.69922,2550.899902,3218.307861,387.695068
22-11-2022,870.049988,223.625381,4362.5,1595,923.700012,1585.050049,19613.5,2565.050049,3249.133301,387.844696
23-11-2022,874.700012,225.089539,4405.649902,1599.150024,927.450012,1583.150024,19565.09961,2557.050049,3242.615479,387.79483
24-11-2022,878.549988,223.039719,4413.850098,1625.150024,938.849976,1629.800049,19735.44922,2579.100098,3313.038818,397.271484
25-11-2022,887.75,225.870407,4418.100098,1617.650024,930.299988,1635.650024,19529.34961,2617.600098,3322.350098,401.810303
28-11-2022,891.700012,224.357468,4402,1600.25,937.400024,1623.400024,19815.44922,2707.550049,3327.839111,404.65329
29-11-2022,892.549988,221.770782,4453.350098,1597.849976,946.75,1629.050049,20121.19922,2712.199951,3329.897461,404.154541
30-11-2022,901.25,221.81958,4487.149902,1608.449951,952.900024,1634.949951,20183.84961,2731.350098,3323.477539,405.900238
01-12-2022,903.849976,220.697067,4474.350098,1619.5,940.200012,1657.099976,20049.5,2723.300049,3406.642578,412.683533
02-12-2022,905.150024,221.18512,4510.399902,1607.099976,930.599976,1637.900024,19751.19922,2722.149902,3370.867432,411.386719
05-12-2022,899.200012,225.723999,4479.399902,1612.949951,933.599976,1639.75,19752.19922,2682.449951,3357.880371,411.336853
06-12-2022,904.650024,226.114441,4374.200195,1611.150024,922.650024,1612.900024,19911.09961,2690.199951,3318.135742,410.339325
07-12-2022,914.650024,224.259842,4361.5,1610.449951,922.150024,1605.5,19910.84961,2650.5,3313.47998,405.301697
08-12-2022,939.349976,224.894302,4356.200195,1619.5,931.900024,1620.150024,19805.34961,2649.25,3284.026611,402.708099
09-12-2022,933.700012,223.381363,4407.100098,1631.050049,929.900024,1569.300049,20241.75,2609.100098,3227.374023,393.081787
12-12-2022,938.650024,226.846512,4452.25,1643.75,930.299988,1547.199951,20487.34961,2613.100098,3221.199219,395.37616
13-12-2022,944.599976,226.01683,4458.149902,1648.300049,932.950012,1572.150024,20388.30078,2625,3265.942871,396.772705
14-12-2022,942.400024,226.602493,4504.549805,1662.25,921.75,1579.400024,20063.5,2615.5,3298.532715,399.067047
15-12-2022,938.150024,222.746887,4468.950195,1631.800049,908.799988,1540.5,19737.84961,2578.350098,3239.479004,394.229004
16-12-2022,935.099976,219.281708,4309.100098,1639.650024,902,1522.199951,19738.69922,2565.600098,3175.916504,388.792389
19-12-2022,946.200012,221.868393,4396.049805,1644.75,906.450012,1507.349976,20081.65039,2599.300049,3138.475098,388.094086
20-12-2022,949.75,220.697067,4369.75,1633.400024,909.700012,1507.300049,20135.55078,2621.800049,3179.542969,387.994354
21-12-2022,932.299988,218.500839,4407.549805,1617.599976,892.25,1509.550049,20314.19922,2584.5,3203.654785,388.542999
22-12-2022,919.549988,217.378311,4349.25,1612.050049,890.650024,1522.050049,20306.59961,2577.800049,3194.980225,387.79483
23-12-2022,906.599976,209.911118,4310.450195,1597.650024,878.900024,1497.099976,20132.75,2502.199951,3164.25293,376.722107
26-12-2022,928.700012,215.474915,4248.600098,1629.449951,893.200012,1502.400024,19897.5,2524.050049,3188.315186,379.565094
27-12-2022,932.200012,215.962967,4250.850098,1631.099976,900.650024,1514.849976,19776,2544.699951,3194.784424,385.650116
28-12-2022,924.700012,217.866364,4252.75,1629.800049,898.950012,1510.150024,19843.59961,2544.449951,3192.432129,386.847168
29-12-2022,934.549988,216.353394,4260.600098,1641.300049,908.049988,1517.550049,19808,2543.300049,3203.850586,389.789917
30-12-2022,933.75,219.672165,4237.549805,1628.150024,890.849976,1508.199951,19606,2547.199951,3192.039795,391.785004
02-01-2023,941.599976,219.379318,4235.049805,1628.699951,902.450012,1524,19561.55078,2575.899902,3196.695557,392.084259
03-01-2023,962.299988,218.744858,4238.350098,1639.349976,901.349976,1522.550049,19727.30078,2557.050049,3245.60498,396.074432
04-01-2023,957.450012,211.960938,4253.5,1610.050049,899.099976,1494.800049,19519.90039,2518.550049,3248.839111,388.742523
05-01-2023,949.549988,212.937027,4297.5,1599.699951,879.150024,1475.199951,19776,2514.050049,3245.359863,385.949371
06-01-2023,939.900024,209.130234,4271.75,1594.400024,870.099976,1448.5,19885.25,2536.899902,3147.786377,381.061432
09-01-2023,958.75,209.813507,4334,1597.5,873.349976,1484.449951,20085.69922,2596.800049,3254.033936,390.837341
10-01-2023,952.150024,211.570496,4288.700195,1568.300049,861.349976,1469.75,20023.94922,2558.399902,3221.150146,392.084259
11-01-2023,949.75,208.300537,4261.899902,1590.900024,866.299988,1471.25,19758.30078,2526.149902,3262.610352,392.882294
12-01-2023,935.549988,208.788589,4310.600098,1599.400024,860.650024,1480.599976,19873.25,2471.600098,3268.148193,393.530701
13-01-2023,934.150024,209.95993,4320.399902,1600.650024,873.450012,1503.650024,19784.34961,2467.600098,3307.550049,392.932159
16-01-2023,913.150024,208.642181,4326.049805,1585.300049,865.25,1525.5,19735.59961,2444.100098,3334.050049,397.620636
17-01-2023,917.700012,208.007721,4351.75,1608.900024,865.150024,1539.5,19945.75,2478.800049,3378.399902,395.37616
18-01-2023,924,211.668106,4364.350098,1637.300049,869.5,1545.400024,19823.34961,2474.699951,3390,402.209351
19-01-2023,928.700012,218.598434,4332.200195,1644.099976,866.150024,1538.900024,19681.09961,2472.050049,3373.100098,402.408844
20-01-2023,930.549988,221.575562,4350.600098,1660.949951,870.349976,1525.550049,19200.05078,2442.649902,3363.100098,402.159454
23-01-2023,932.700012,224.601486,4337.850098,1673.099976,871.700012,1548,19367.09961,2430.300049,3414.899902,406
24-01-2023,910.200012,222.161224,4252.75,1695.5,870.75,1551.900024,19290.69922,2415.949951,3436.300049,406.600006
25-01-2023,892.349976,220.745865,4200.950195,1648.650024,855.299988,1543,19235.5,2382.550049,3429.75,401.549988
27-01-2023,873.75,217.08548,4314,1615.800049,817.200012,1519.150024,19216.34961,2337.350098,3411.050049,398.049988
30-01-2023,871.849976,220.453049,4328.799805,1614.150024,823.5,1538.800049,19165.90039,2359.75,3433.649902,402.25
31-01-2023,871.599976,219.476944,4324.149902,1603.5,831.900024,1533.75,19017.75,2353.850098,3358.699951,398.850006
01-02-2023,857.25,215.377289,4351.5,1627.550049,847.950012,1551.099976,19089.84961,2339.899902,3408.350098,402.399994
02-02-2023,868.450012,212.44899,4370.100098,1603.349976,857.900024,1583.75,18954.59961,2326.949951,3460.399902,409.450012
03-02-2023,882.599976,213.669113,4358.350098,1658.800049,863.799988,1599.400024,19004.30078,2329,3482.300049,407.899994
06-02-2023,882.650024,214.352402,4349.549805,1651.75,853.700012,1569.849976,19021.5,2311.449951,3459.949951,404.649994
07-02-2023,879.099976,214.449997,4440.25,1654.199951,852.75,1562.400024,18978,2305.899902,3472.550049,400.5
08-02-2023,871.75,215.5,4487.799805,1654,859.099976,1590.5,18994.90039,2351.949951,3520.100098,406.75
09-02-2023,867.700012,214.550003,4487.5,1650.550049,860.799988,1617,19000.30078,2356.050049,3540.850098,408.299988
10-02-2023,867.25,211.5,4499.600098,1657.099976,853.849976,1608.550049,19023.84961,2336.649902,3537.550049,405.799988
13-02-2023,859.099976,213.050003,4524.700195,1658.349976,850.650024,1567.449951,19026.80078,2323.350098,3482.399902,400.600006
14-02-2023,870.75,211.75,4538.399902,1673.699951,865.299988,1593.25,19082.90039,2378.100098,3500.100098,405.100006
15-02-2023,868.299988,212.899994,4519.850098,1670.300049,870.799988,1597.050049,19260.94922,2431.949951,3520.649902,407.399994
16-02-2023,864.75,215.449997,4519.299805,1664.25,869.450012,1601.800049,19628.84961,2430.050049,3558.050049,409.899994
17-02-2023,854.900024,217.5,4510.350098,1655.900024,862.650024,1583.800049,19021.30078,2440.199951,3501.149902,406.299988
20-02-2023,846.75,218.300003,4474.799805,1640.349976,852.099976,1592.449951,18823.05078,2414.399902,3487.300049,407.049988
21-02-2023,844.049988,214.050003,4486.149902,1646.5,854.200012,1579.5,18848.69922,2434.100098,3451,402.75
22-02-2023,833.349976,211.850006,4476.700195,1614.199951,839.25,1561.800049,18674.15039,2378.899902,3401.550049,395.149994
23-02-2023,844.349976,214.899994,4449.600098,1603.25,839.75,1550.699951,18648,2367.5,3413.800049,393.950012
24-02-2023,851.400024,217.050003,4491.100098,1588.949951,839.700012,1550.650024,18680.90039,2383.699951,3400.449951,393.299988
27-02-2023,854.349976,216.949997,4421,1592.900024,856.400024,1509.300049,18622.75,2367.850098,3331.850098,390.350006
28-02-2023,844.099976,215.399994,4316.600098,1599.599976,854.849976,1487.550049,18670,2322.550049,3312.850098,387.049988
01-03-2023,865.150024,218.75,4344.200195,1598.050049,856.299988,1496.050049,18778.84961,2343.899902,3385.699951,390.950012
02-03-2023,845.450012,222.850006,4390.600098,1584.449951,854,1472.150024,18481.75,2326.050049,3321.449951,388.049988
03-03-2023,852.650024,222.949997,4437.950195,1615.900024,868.549988,1479.300049,18449.90039,2385.399902,3342.149902,390.450012
06-03-2023,859.5,224.899994,4439.200195,1627.300049,867.75,1507.449951,18514.84961,2408.699951,3371.850098,393.75
08-03-2023,860.950012,224.850006,4426.25,1630.550049,872.099976,1492.699951,18518.25,2417.350098,3390.399902,392.600006
09-03-2023,867.799988,224.800003,4380.950195,1630.699951,855.950012,1480.400024,18535.69922,2359.25,3336.850098,390.100006
10-03-2023,851.900024,224.350006,4395.549805,1588.650024,842.650024,1471.550049,18485.75,2322.699951,3331,389.100006
13-03-2023,832.349976,220.800003,4370.399902,1568.550049,828.400024,1435.099976,18317.44922,2284.5,3281.949951,385.450012
14-03-2023,832.849976,221.050003,4349.549805,1564.349976,830.349976,1420,18264.65039,2275.949951,3214.949951,379.450012
15-03-2023,824.049988,219.899994,4394.5,1541.900024,825.900024,1419.650024,17993.34961,2237.050049,3198.899902,375.75
16-03-2023,830.549988,220.850006,4383.75,1551.900024,823.900024,1404.099976,18450.65039,2225.899902,3185,372.850006
17-03-2023,837.400024,221.649994,4436.149902,1572.650024,836.25,1420.699951,18858.15039,2223.100098,3179.300049,376.5
20-03-2023,837.549988,217.050003,4439.450195,1561.75,836.450012,1403.650024,18937.84961,2201.25,3143.300049,367.149994
21-03-2023,855.599976,217.050003,4419.350098,1579.449951,852.400024,1390.699951,18927.40039,2269.699951,3106.100098,366.399994
22-03-2023,849.650024,213.949997,4474.950195,1575.800049,860.200012,1389.25,18819.69922,2276.600098,3130.800049,366.399994
23-03-2023,848.799988,213.350006,4446.950195,1563.150024,855.450012,1374.550049,19044.44922,2247.800049,3124.649902,361.5
24-03-2023,839.900024,208.449997,4464.149902,1560.650024,852.400024,1380.650024,18953.09961,2203.300049,3120.5,361.75
27-03-2023,833.349976,208.399994,4485.649902,1567.449951,848.700012,1388.949951,18891,2237.550049,3122.300049,361.25
28-03-2023,832.450012,208.899994,4526.799805,1580.199951,854.75,1377.599976,18946,2248,3115.899902,356.200012
29-03-2023,842.599976,212.949997,4567.799805,1587.800049,851,1383.550049,19052.94922,2234.699951,3138.899902,359.049988
31-03-2023,858.5,213.649994,4622.75,1609.550049,877.25,1427.949951,19704.5,2331.050049,3205.899902,365.25
03-04-2023,864.599976,220.149994,4656.5,1610.550049,883.799988,1410.849976,19705.44922,2331.449951,3200,367.950012
05-04-2023,860.5,222.5,4682.799805,1653.75,884.599976,1423.550049,19822.05078,2325.850098,3239.800049,369.75
06-04-2023,851.950012,221.699997,4699.399902,1666.349976,875,1421.900024,19708.25,2341.449951,3220.699951,366.649994
10-04-2023,847.349976,222.050003,4759.649902,1658.449951,868.450012,1427.599976,19530.19922,2324.850098,3263.399902,373.299988
11-04-2023,853.299988,223.649994,4763.350098,1663.300049,881.900024,1406.150024,19674.59961,2336.350098,3213.800049,370.25
12-04-2023,851.049988,227.699997,4881,1684.900024,890.150024,1428.300049,19440.30078,2346.649902,3241.649902,372.149994
13-04-2023,864.349976,225.5,4852.899902,1692.449951,899,1389.199951,19465.34961,2355.5,3188.850098,368.299988
17-04-2023,864.549988,229.600006,4852.299805,1666.650024,901.299988,1258.300049,20244.40039,2367.449951,3139.5,361.350006
18-04-2023,863.349976,232.199997,4912.399902,1659.599976,896.849976,1259.349976,20661.25,2340.350098,3130.75,367.899994
19-04-2023,873.400024,230.399994,4909.350098,1665.699951,891.900024,1232.199951,20618.69922,2352,3089.600098,360.799988
20-04-2023,868.75,229.550003,4858.200195,1671.900024,894.400024,1223.400024,20473.09961,2346.050049,3104.800049,362.850006
